pressure_kpa,velocity_mps,mass_kg,max_force_N,permanent_deformation_mm
0.0,2.0,2.0,2094.1322838896876,0.4790933367508767
0.0,2.0,3.0,2094.1322838896876,1.2876931860071785
0.0,2.0,4.0,2094.1322838896876,2.081783680484618
0.0,2.0,5.0,2094.1322838896876,2.8647617271000367
0.0,2.0,6.0,2094.1322838896876,3.636424396573924
0.0,3.0,2.0,2094.1322838896876,2.474074978533215
0.0,3.0,3.0,2094.1322838896876,4.20861674651523
0.0,3.0,4.0,2094.1322838896876,5.894071608764224
0.0,3.0,5.0,2094.1322838896876,7.538737560339874
0.0,3.0,6.0,2094.1322838896876,9.147447089647171
0.0,4.0,2.0,2094.1322838896876,5.149777346861885
0.0,4.0,3.0,2094.1322838896876,8.077594383009217
0.0,4.0,4.0,2094.1322838896876,10.899050368143225
0.0,4.0,5.0,2094.1322838896876,13.630733124150842
0.0,4.0,6.0,2094.1322838896876,16.288052300012428
0.0,5.0,2.0,2094.1322838896876,8.435282094090857
0.0,5.0,3.0,2094.1322838896876,12.784764767260755
0.0,5.0,4.0,2094.1322838896876,16.941596865058735
0.0,5.0,5.0,2094.1322838896876,20.942899804936097
0.0,5.0,6.0,2094.1322838896876,24.815714979629682
0.0,6.0,2.0,2094.1322838896876,12.27413452072374
0.0,6.0,3.0,2094.1322838896876,18.2368076196585
0.0,6.0,4.0,2094.1322838896876,23.89644839643248
0.0,6.0,5.0,2094.1322838896876,29.315715387362797
0.0,6.0,6.0,2094.1322838896876,34.53703141775265
0.0,7.0,2.0,2094.1322838896876,16.61436951594533
0.0,7.0,3.0,2094.1322838896876,24.35594094949249
0.0,7.0,4.0,2094.1322838896876,31.65864756382606
0.0,7.0,5.0,2094.1322838896876,38.61845206173329
0.0,7.0,6.0,2094.1322838896876,45.2976056595209
0.0,8.0,2.0,2094.1322838896876,21.412666548048
0.0,8.0,3.0,2094.1322838896876,31.075676630531483
0.0,8.0,4.0,2094.1322838896876,40.14023691501857
0.0,8.0,5.0,2094.1322838896876,48.743142696085165
0.0,8.0,6.0,2094.1322838896876,56.97154809516876
0.0,9.0,2.0,2094.1322838896876,26.63221203810912
0.0,9.0,3.0,2094.1322838896876,38.339232229416034
0.0,9.0,4.0,2094.1322838896876,49.26752176098162
0.0,9.0,5.0,2094.1322838896876,59.60053148217737
0.0,9.0,6.0,2094.1322838896876,69.45352059708546
0.0,10.0,2.0,2094.1322838896876,32.23751117246798
0.0,10.0,3.0,2094.1322838896876,46.097977962214095
0.0,10.0,4.0,2094.1322838896876,58.97664572670709
0.0,10.0,5.0,2094.1322838896876,71.11402838254331
0.0,10.0,6.0,2094.1322838896876,82.65611065374209
100.0,2.0,2.0,2225.7812972098573,0.6746055417742765
100.0,2.0,3.0,2225.7812972098573,1.4268357664097155
100.0,2.0,4.0,2225.7812972098573,2.1641827825581754
100.0,2.0,5.0,2225.7812972098573,2.8879966587589414
100.0,2.0,6.0,2225.7812972098573,3.6008034561589306
100.0,3.0,2.0,2225.7812972098573,2.526820283132125
100.0,3.0,3.0,2225.7812972098573,4.128248697960333
100.0,3.0,4.0,2225.7812972098573,5.6785998011126795
100.0,3.0,5.0,2225.7812972098573,7.187064284380824
100.0,3.0,6.0,2225.7812972098573,8.65891288563523
100.0,4.0,2.0,2225.7812972098573,4.993972561276866
100.0,4.0,3.0,2225.7812972098573,7.681280201005557
100.0,4.0,4.0,2225.7812972098573,10.258168714777014
100.0,4.0,5.0,2225.7812972098573,12.746588236325252
100.0,4.0,6.0,2225.7812972098573,15.16027934131451
100.0,5.0,2.0,2225.7812972098573,8.008728905074138
100.0,5.0,3.0,2225.7812972098573,11.976892985152938
100.0,5.0,4.0,2225.7812972098573,15.753397140065221
100.0,5.0,5.0,2225.7812972098573,19.376354691240127
100.0,5.0,6.0,2225.7812972098573,22.873013251480387
100.0,6.0,2.0,2225.7812972098573,11.512134289391819
100.0,6.0,3.0,2225.7812972098573,16.927131970681803
100.0,6.0,4.0,2225.7812972098573,22.04370874113185
100.0,6.0,5.0,2225.7812972098573,26.925454239590756
100.0,6.0,6.0,2225.7812972098573,31.615627573220728
100.0,7.0,2.0,2225.7812972098573,15.456689379504658
100.0,7.0,3.0,2225.7812972098573,22.458113949957657
100.0,7.0,4.0,2225.7812972098573,29.03154018549449
100.0,7.0,5.0,2225.7812972098573,35.27321003330603
100.0,7.0,6.0,2225.7812972098573,41.245703120469265
100.0,8.0,2.0,2225.7812972098573,19.801748336305128
100.0,8.0,3.0,2225.7812972098573,28.50812464078697
100.0,8.0,4.0,2225.7812972098573,36.635113226688766
100.0,8.0,5.0,2225.7812972098573,44.32031380639061
100.0,8.0,6.0,2225.7812972098573,51.649138601046666
100.0,9.0,2.0,2225.7812972098573,24.50984072687977
100.0,9.0,3.0,2225.7812972098573,35.023447356136856
100.0,9.0,4.0,2225.7812972098573,44.78785190138562
100.0,9.0,5.0,2225.7812972098573,53.986642006777245
100.0,9.0,6.0,2225.7812972098573,62.73119538046057
100.0,10.0,2.0,2225.7812972098573,29.551203223977637
100.0,10.0,3.0,2225.7812972098573,41.96009506106451
100.0,10.0,4.0,2225.7812972098573,53.43249663035069
100.0,10.0,5.0,2225.7812972098573,64.20240410425572
100.0,10.0,6.0,2225.7812972098573,74.41455543523004
200.0,2.0,2.0,2357.430310530027,0.7450089486710113
200.0,2.0,3.0,2357.430310530027,1.4492375209277308
200.0,2.0,4.0,2357.430310530027,2.1385431667141086
200.0,2.0,5.0,2357.430310530027,2.814683287770268
200.0,2.0,6.0,2357.430310530027,3.478593335639616
200.0,3.0,2.0,2357.430310530027,2.47819597226761
200.0,3.0,3.0,2357.430310530027,3.968979197419749
200.0,3.0,4.0,2357.430310530027,5.410316479639895
200.0,3.0,5.0,2357.430310530027,6.80978233015662
200.0,3.0,6.0,2357.430310530027,8.173970785457266
200.0,4.0,2.0,2357.430310530027,4.774734485995218
200.0,4.0,3.0,2357.430310530027,7.2682359283979014
200.0,4.0,4.0,2357.430310530027,9.65321023031659
200.0,4.0,5.0,2357.430310530027,11.951726750826303
200.0,4.0,6.0,2357.430310530027,14.177850744119961
200.0,5.0,2.0,2357.430310530027,7.57153687520062
200.0,5.0,3.0,2357.430310530027,11.242063645204192
200.0,5.0,4.0,2357.430310530027,14.723546725514241
200.0,5.0,5.0,2357.430310530027,18.057746102981792
200.0,5.0,6.0,2357.430310530027,21.26864476031153
200.0,6.0,2.0,2357.430310530027,10.811425267674917
200.0,6.0,3.0,2357.430310530027,15.804996026869384
200.0,6.0,4.0,2357.430310530027,20.508219023435615
200.0,6.0,5.0,2357.430310530027,24.985113851044286
200.0,6.0,6.0,2357.430310530027,29.278356272862165
200.0,7.0,2.0,2357.430310530027,14.450807830789081
200.0,7.0,3.0,2357.430310530027,20.88862976785112
200.0,7.0,4.0,2357.430310530027,26.913535682097894
200.0,7.0,5.0,2357.430310530027,32.62231683306181
200.0,7.0,6.0,2357.430310530027,38.07432915220078
200.0,8.0,2.0,2357.430310530027,18.447310533431445
200.0,8.0,3.0,2357.430310530027,26.433891279572684
200.0,8.0,4.0,2357.430310530027,33.866554318167
200.0,8.0,5.0,2357.430310530027,40.87727901558927
200.0,8.0,6.0,2357.430310530027,47.55063744752429
200.0,9.0,2.0,2357.430310530027,22.770964890708633
200.0,9.0,3.0,2357.430310530027,32.39314384277534
200.0,9.0,4.0,2357.430310530027,41.30277733671366
200.0,9.0,5.0,2357.430310530027,49.67600696988104
200.0,9.0,6.0,2357.430310530027,57.62165806825422
200.0,10.0,2.0,2357.430310530027,27.38950763621194
200.0,10.0,3.0,2357.430310530027,38.72501096081202
200.0,10.0,4.0,2357.430310530027,49.17155545504275
200.0,10.0,5.0,2357.430310530027,58.95647995084376
200.0,10.0,6.0,2357.430310530027,68.21666552038336
300.0,2.0,2.0,2489.0793238501965,0.7653374118473019
300.0,2.0,3.0,2489.0793238501965,1.4292432197802805
300.0,2.0,4.0,2489.0793238501965,2.0765452349595823
300.0,2.0,5.0,2489.0793238501965,2.711462736953411
300.0,2.0,6.0,2489.0793238501965,3.3348462064187276
300.0,3.0,2.0,2489.0793238501965,2.3956295353629806
300.0,3.0,3.0,2489.0793238501965,3.795039656113117
300.0,3.0,4.0,2489.0793238501965,5.14444312528057
300.0,3.0,5.0,2489.0793238501965,6.454080689599829
300.0,3.0,6.0,2489.0793238501965,7.728800401572824
300.0,4.0,2.0,2489.0793238501965,4.55036908979545
300.0,4.0,3.0,2489.0793238501965,6.882823544546537
300.0,4.0,4.0,2489.0793238501965,9.110025969869753
300.0,4.0,5.0,2489.0793238501965,11.253472254486587
300.0,4.0,6.0,2489.0793238501965,13.32686604981801
300.0,5.0,2.0,2489.0793238501965,7.165817726625526
300.0,5.0,3.0,2489.0793238501965,10.59152987046332
300.0,5.0,4.0,2489.0793238501965,13.835395416681
300.0,5.0,5.0,2489.0793238501965,16.936315801877452
300.0,5.0,6.0,2489.0793238501965,19.919829879308107
300.0,6.0,2.0,2489.0793238501965,10.19072828519299
300.0,6.0,3.0,2489.0793238501965,14.841618237190522
300.0,6.0,4.0,2489.0793238501965,19.213275831523504
300.0,6.0,5.0,2489.0793238501965,23.368409795339986
300.0,6.0,6.0,2489.0793238501965,27.348063948771333
300.0,7.0,2.0,2489.0793238501965,13.58116493219882
300.0,7.0,3.0,2489.0793238501965,19.56636008879504
300.0,7.0,4.0,2489.0793238501965,25.15684413408862
300.0,7.0,5.0,2489.0793238501965,30.44497041283849
300.0,7.0,6.0,2489.0793238501965,35.488613307115735
300.0,8.0,2.0,2489.0793238501965,17.29857611952594
300.0,8.0,3.0,2489.0793238501965,24.7123680267547
300.0,8.0,4.0,2489.0793238501965,31.596528632096298
300.0,8.0,5.0,2489.0793238501965,38.07962455019306
300.0,8.0,6.0,2489.0793238501965,44.24317739179768
300.0,9.0,2.0,2489.0793238501965,21.313864588979225
300.0,9.0,3.0,2489.0793238501965,30.233400786638608
300.0,9.0,4.0,2489.0793238501965,38.47314459787338
300.0,9.0,5.0,2489.0793238501965,46.205253522885094
300.0,9.0,6.0,2489.0793238501965,53.533277198321805
300.0,10.0,2.0,2489.0793238501965,25.597970880110662
300.0,10.0,3.0,2489.0793238501965,36.090070384557244
300.0,10.0,4.0,2489.0793238501965,45.739825370872076
300.0,10.0,5.0,2489.0793238501965,54.76388439339998
300.0,10.0,6.0,2489.0793238501965,63.29314161392785
400.0,2.0,2.0,2620.728337170366,0.7636945947310543
400.0,2.0,3.0,2620.728337170366,1.3904708718951881
400.0,2.0,4.0,2620.728337170366,2.003003092677313
400.0,2.0,5.0,2620.728337170366,2.6017945767698207
400.0,2.0,6.0,2620.728337170366,3.1895840965865605
400.0,3.0,2.0,2620.728337170366,2.303362165488433
400.0,3.0,3.0,2620.728337170366,3.6231041281238996
400.0,3.0,4.0,2620.728337170366,4.895251322935117
400.0,3.0,5.0,2620.728337170366,6.128389653206037
400.0,3.0,6.0,2620.728337170366,7.327508385683467
400.0,4.0,2.0,2620.728337170366,4.335393002316275
400.0,4.0,3.0,2620.728337170366,6.531162777998109
400.0,4.0,4.0,2620.728337170366,8.625181368546867
400.0,4.0,5.0,2620.728337170366,10.639266051127036
400.0,4.0,6.0,2620.728337170366,12.585308801812433
400.0,5.0,2.0,2620.728337170366,6.797201038466859
400.0,5.0,3.0,2620.728337170366,10.017185450105721
400.0,5.0,4.0,2620.728337170366,13.061853770182465
400.0,5.0,5.0,2620.728337170366,15.969832821081502
400.0,5.0,6.0,2620.728337170366,18.764429574136866
400.0,6.0,2.0,2620.728337170366,9.64126010642799
400.0,6.0,3.0,2620.728337170366,14.005625857223933
400.0,6.0,4.0,2620.728337170366,18.102742833626262
400.0,6.0,5.0,2620.728337170366,21.992998800215158
400.0,6.0,6.0,2620.728337170366,25.715192898671727
400.0,7.0,2.0,2620.728337170366,12.823006577896985
400.0,7.0,3.0,2620.728337170366,18.43360346443917
400.0,7.0,4.0,2620.728337170366,23.665317900445277
400.0,7.0,5.0,2620.728337170366,28.609542019337248
400.0,7.0,6.0,2620.728337170366,33.320858118251024
400.0,8.0,2.0,2620.728337170366,16.309374671786347
400.0,8.0,3.0,2620.728337170366,23.249993736981583
400.0,8.0,4.0,2620.728337170366,29.68497941026323
400.0,8.0,5.0,2620.728337170366,35.739764239740346
400.0,8.0,6.0,2620.728337170366,41.49060976926197
400.0,9.0,2.0,2620.728337170366,20.06973960159073
400.0,9.0,3.0,2620.728337170366,28.41132495532526
400.0,9.0,4.0,2620.728337170366,36.106979003539784
400.0,9.0,5.0,2620.728337170366,43.31953960363337
400.0,9.0,6.0,2620.728337170366,50.14990069672743
400.0,10.0,2.0,2620.728337170366,24.077818572512996
400.0,10.0,3.0,2620.728337170366,33.88241484357729
400.0,10.0,4.0,2620.728337170366,42.88596949677592
400.0,10.0,5.0,2620.728337170366,51.296105508471896
400.0,10.0,6.0,2620.728337170366,59.23868502004096
500.0,2.0,2.0,2752.3773504905357,0.7493521753826539
500.0,2.0,3.0,2752.3773504905357,1.3443695268719091
500.0,2.0,4.0,2752.3773504905357,1.9251548040834314
500.0,2.0,5.0,2752.3773504905357,2.493630314119138
500.0,2.0,6.0,2752.3773504905357,3.050588606011593
500.0,3.0,2.0,2752.3773504905357,2.210861763424167
500.0,3.0,3.0,2752.3773504905357,3.4614837523132134
500.0,3.0,4.0,2752.3773504905357,4.665545481577218
500.0,3.0,5.0,2752.3773504905357,5.83135406815365
500.0,3.0,6.0,2752.3773504905357,6.965916342365625
500.0,4.0,2.0,2752.3773504905357,4.134685635401671
500.0,4.0,3.0,2752.3773504905357,6.21234793344054
500.0,4.0,4.0,2752.3773504905357,8.192699458403444
500.0,4.0,5.0,2752.3773504905357,10.09433444321361
500.0,4.0,6.0,2752.3773504905357,11.931841723200698
500.0,5.0,2.0,2752.3773504905357,6.464239242489559
500.0,5.0,3.0,2752.3773504905357,9.507016678475052
500.0,5.0,4.0,2752.3773504905357,12.38199379199537
500.0,5.0,5.0,2752.3773504905357,15.124531242145908
500.0,5.0,6.0,2752.3773504905357,17.75999469843255
500.0,6.0,2.0,2752.3773504905357,9.151876779776108
500.0,6.0,3.0,2752.3773504905357,13.272408474821127
500.0,6.0,4.0,2752.3773504905357,17.135613837521543
500.0,6.0,5.0,2752.3773504905357,20.801578304305302
500.0,6.0,6.0,2752.3773504905357,24.30743947674957
500.0,7.0,2.0,2752.3773504905357,12.15646337554996
500.0,7.0,3.0,2752.3773504905357,17.448088472615854
500.0,7.0,4.0,2752.3773504905357,22.377641677627167
500.0,7.0,5.0,2752.3773504905357,27.03159905692214
500.0,7.0,6.0,2752.3773504905357,31.46440807356944
500.0,8.0,2.0,2752.3773504905357,15.444604074010435
500.0,8.0,3.0,2752.3773504905357,21.985660500148335
500.0,8.0,4.0,2752.3773504905357,28.044027389382
500.0,8.0,5.0,2752.3773504905357,33.73931306230867
500.0,8.0,6.0,2752.3773504905357,39.145865687574286
500.0,9.0,2.0,2752.3773504905357,18.989416261033487
500.0,9.0,3.0,2752.3773504905357,26.845731668512414
500.0,9.0,4.0,2752.3773504905357,34.08455946001994
500.0,9.0,5.0,2752.3773504905357,40.86494745207543
500.0,9.0,6.0,2752.3773504905357,47.28098065306108
500.0,10.0,2.0,2752.3773504905357,22.76601284452121
500.0,10.0,3.0,2752.3773504905357,31.99249937157717
500.0,10.0,4.0,2752.3773504905357,40.45724785073151
500.0,10.0,5.0,2752.3773504905357,48.357506973499696
500.0,10.0,6.0,2752.3773504905357,55.813930254727964
600.0,2.0,2.0,2884.026363810705,0.7295368578609622
600.0,2.0,3.0,2884.026363810705,1.29664326542029
600.0,2.0,4.0,2884.026363810705,1.8491213119228787
600.0,2.0,5.0,2884.026363810705,2.389839362275008
600.0,2.0,6.0,2884.026363810705,2.9191948431049095
600.0,3.0,2.0,2884.026363810705,2.1207328829360135
600.0,3.0,3.0,2884.026363810705,3.3099823940877253
600.0,3.0,4.0,2884.026363810705,4.454143875886829
600.0,3.0,5.0,2884.026363810705,5.5618834068881196
600.0,3.0,6.0,2884.026363810705,6.638903082689411
600.0,4.0,2.0,2884.026363810705,3.950565741187582
600.0,4.0,3.0,2884.026363810705,5.923862871750263
600.0,4.0,4.0,2884.026363810705,7.803989292345717
600.0,4.0,5.0,2884.026363810705,9.608536954450676
600.0,4.0,6.0,2884.026363810705,11.351162584918386
600.0,5.0,2.0,2884.026363810705,6.1630764223666015
600.0,5.0,3.0,2884.026363810705,9.05136747793169
600.0,5.0,4.0,2884.026363810705,11.777857511970925
600.0,5.0,5.0,2884.026363810705,14.377870528065303
600.0,5.0,6.0,2884.026363810705,16.87523353086204
600.0,6.0,2.0,2884.026363810705,8.71333202828868
600.0,6.0,3.0,2884.026363810705,12.622269332266052
600.0,6.0,4.0,2884.026363810705,16.284195956652084
600.0,6.0,5.0,2884.026363810705,19.75671650642741
600.0,6.0,6.0,2884.026363810705,23.075749413437986
600.0,7.0,2.0,2884.026363810705,11.564319549261887
600.0,7.0,3.0,2884.026363810705,16.57988939233386
600.0,7.0,4.0,2884.026363810705,21.248624241210926
600.0,7.0,5.0,2884.026363810705,25.654499643712438
600.0,7.0,6.0,2884.026363810705,29.84960843086504
600.0,8.0,2.0,2884.026363810705,14.68218000162822
600.0,8.0,3.0,2884.026363810705,20.87820703820694
600.0,8.0,4.0,2884.026363810705,26.613169188862233
600.0,8.0,5.0,2884.026363810705,32.0017109621665
600.0,8.0,6.0,2884.026363810705,37.11375222282883
600.0,9.0,2.0,2884.026363810705,18.04034263757079
600.0,9.0,3.0,2884.026363810705,25.47812219036871
600.0,9.0,4.0,2884.026363810705,32.32797655720377
600.0,9.0,5.0,2884.026363810705,38.73903036752754
600.0,9.0,6.0,2884.026363810705,44.80401741756094
600.0,10.0,2.0,2884.026363810705,21.616168098976843
600.0,10.0,3.0,2884.026363810705,30.348987405167986
600.0,10.0,4.0,2884.026363810705,38.35397986344824
600.0,10.0,5.0,2884.026363810705,45.82142932250695
600.0,10.0,6.0,2884.026363810705,52.865786644631356
700.0,2.0,2.0,3015.6753771308745,0.7078545737303056
700.0,2.0,3.0,3015.6753771308745,1.2487974829682253
700.0,2.0,4.0,3015.6753771308745,1.7762567957022317
700.0,2.0,5.0,3015.6753771308745,2.2915978676430058
700.0,2.0,6.0,3015.6753771308745,2.7969099341255834
700.0,3.0,2.0,3015.6753771308745,2.0353190660441633
700.0,3.0,3.0,3015.6753771308745,3.169282466219685
700.0,3.0,4.0,3015.6753771308745,4.260892655070038
700.0,3.0,5.0,3015.6753771308745,5.316855559243386
700.0,3.0,6.0,3015.6753771308745,6.343128534646328
700.0,4.0,2.0,3015.6753771308745,3.7805940455426326
700.0,4.0,3.0,3015.6753771308745,5.661257944811823
700.0,4.0,4.0,3015.6753771308745,7.452381997533083
700.0,4.0,5.0,3015.6753771308745,9.171436532539472
700.0,4.0,6.0,3015.6753771308745,10.831080453691698
700.0,5.0,2.0,3015.6753771308745,5.889734071134254
700.0,5.0,3.0,3015.6753771308745,8.640997543016079
700.0,5.0,4.0,3015.6753771308745,11.237387500562244
700.0,5.0,5.0,3015.6753771308745,13.712558157742338
700.0,5.0,6.0,3015.6753771308745,16.088411263930464
700.0,6.0,2.0,3015.6753771308745,8.319140214984142
700.0,6.0,3.0,3015.6753771308745,12.040725379965998
700.0,6.0,4.0,3015.6753771308745,15.525652593381974
700.0,6.0,5.0,3015.6753771308745,18.82960511414886
700.0,6.0,6.0,3015.6753771308745,21.986475704486047
700.0,7.0,2.0,3015.6753771308745,11.033564506608801
700.0,7.0,3.0,3015.6753771308745,15.807167154986173
700.0,7.0,4.0,3015.6753771308745,20.24906226743519
700.0,7.0,5.0,3015.6753771308745,24.43869966428888
700.0,7.0,6.0,3015.6753771308745,28.425727957538406
700.0,8.0,2.0,3015.6753771308745,14.00166327344966
700.0,8.0,3.0,3015.6753771308745,19.89639827998234
700.0,8.0,4.0,3015.6753771308745,25.34939672238855
700.0,8.0,5.0,3015.6753771308745,30.47096040130368
700.0,8.0,6.0,3015.6753771308745,35.32932309306189
700.0,9.0,2.0,3015.6753771308745,17.197034494251685
700.0,9.0,3.0,3015.6753771308745,24.27106544525422
700.0,9.0,4.0,3015.6753771308745,30.781264177365937
700.0,9.0,5.0,3015.6753771308745,36.87307225488816
700.0,9.0,6.0,3015.6753771308745,42.63380956364955
700.0,10.0,2.0,3015.6753771308745,20.598095657578575
700.0,10.0,3.0,3015.6753771308745,28.90031729160302
700.0,10.0,4.0,3015.6753771308745,36.507469762776964
700.0,10.0,5.0,3015.6753771308745,43.60024932926882
700.0,10.0,6.0,3015.6753771308745,50.29012994909291
800.0,2.0,2.0,3147.3243904510446,0.6833379422150342
800.0,2.0,3.0,3147.3243904510446,1.2014724209226015
800.0,2.0,4.0,3147.3243904510446,1.706746426916224
800.0,2.0,5.0,3147.3243904510446,2.199968953600544
800.0,2.0,6.0,3147.3243904510446,2.6830478106320967
800.0,3.0,2.0,3147.3243904510446,1.9535549659467997
800.0,3.0,3.0,3147.3243904510446,3.039645424904158
800.0,3.0,4.0,3147.3243904510446,4.083063666464332
800.0,3.0,5.0,3147.3243904510446,5.092301332247174
800.0,3.0,6.0,3147.3243904510446,6.073375243823268
800.0,4.0,2.0,3147.3243904510446,3.623759126342017
800.0,4.0,3.0,3147.3243904510446,5.421634929818638
800.0,4.0,4.0,3147.3243904510446,7.133818859720605
800.0,4.0,5.0,3147.3243904510446,8.776329158796221
800.0,4.0,6.0,3147.3243904510446,10.36175187943487
800.0,5.0,2.0,3147.3243904510446,5.6404490733514185
800.0,5.0,3.0,3147.3243904510446,8.269719060000174
800.0,5.0,4.0,3147.3243904510446,10.749543497841005
800.0,5.0,5.0,3147.3243904510446,13.113721856596449
800.0,5.0,6.0,3147.3243904510446,15.382725420172228
800.0,6.0,2.0,3147.3243904510446,7.96214197642767
800.0,6.0,3.0,3147.3243904510446,11.51739067358425
800.0,6.0,4.0,3147.3243904510446,14.845246173762689
800.0,6.0,5.0,3147.3243904510446,17.99980051938127
800.0,6.0,6.0,3147.3243904510446,21.01309100053937
800.0,7.0,2.0,3147.3243904510446,10.555172610487478
800.0,7.0,3.0,3147.3243904510446,15.114502516084194
800.0,7.0,4.0,3147.3243904510446,19.354293485748464
800.0,7.0,5.0,3147.3243904510446,23.35362431822238
800.0,7.0,6.0,3147.3243904510446,27.15869873422139
800.0,8.0,2.0,3147.3243904510446,13.389500643483053
800.0,8.0,3.0,3147.3243904510446,19.01814740999651
800.0,8.0,4.0,3147.3243904510446,24.22232477610233
800.0,8.0,5.0,3147.3243904510446,29.109850234230738
800.0,8.0,6.0,3147.3243904510446,33.74424839503253
800.0,9.0,2.0,3147.3243904510446,16.440847215082055
800.0,9.0,3.0,3147.3243904510446,23.193365255453603
800.0,9.0,4.0,3147.3243904510446,29.40590833569668
800.0,9.0,5.0,3147.3243904510446,35.216851690047804
800.0,9.0,6.0,3147.3243904510446,40.7113697983601
800.0,10.0,2.0,3147.3243904510446,19.687519544485994
800.0,10.0,3.0,3147.3243904510446,27.611458878383083
800.0,10.0,4.0,3147.3243904510446,34.86804385124557
800.0,10.0,5.0,3147.3243904510446,41.63310157816098
800.0,10.0,6.0,3147.3243904510446,48.01203912405934
900.0,2.0,2.0,3278.9734037712137,0.6602019707407519
900.0,2.0,3.0,3278.9734037712137,1.1563746192239521
900.0,2.0,4.0,3278.9734037712137,1.6404861752968105
900.0,2.0,5.0,3278.9734037712137,2.1140130388990825
900.0,2.0,6.0,3278.9734037712137,2.5771293087126725
900.0,3.0,2.0,3278.9734037712137,1.8786752557592805
900.0,3.0,3.0,3278.9734037712137,2.9186053405288312
900.0,3.0,4.0,3278.9734037712137,3.919010437843617
900.0,3.0,5.0,3278.9734037712137,4.887013974829934
900.0,3.0,6.0,3278.9734037712137,5.826881535612625
900.0,4.0,2.0,3278.9734037712137,3.4786270740566967
900.0,4.0,3.0,3278.9734037712137,5.202611497608314
900.0,4.0,4.0,3278.9734037712137,6.8426550032742455
900.0,4.0,5.0,3278.9734037712137,8.416649895270723
900.0,4.0,6.0,3278.9734037712137,9.9355791555018
900.0,5.0,2.0,3278.9734037712137,5.411696011154018
900.0,5.0,3.0,3278.9734037712137,7.93118541618211
900.0,5.0,4.0,3278.9734037712137,10.30747830280932
900.0,5.0,5.0,3278.9734037712137,12.571666215487296
900.0,5.0,6.0,3278.9734037712137,14.745126148561994
900.0,6.0,2.0,3278.9734037712137,7.636256621734023
900.0,6.0,3.0,3278.9734037712137,11.042163269008222
900.0,6.0,4.0,3278.9734037712137,14.230462907665352
900.0,6.0,5.0,3278.9734037712137,17.250898546369065
900.0,6.0,6.0,3278.9734037712137,20.13660945792749
900.0,7.0,2.0,3278.9734037712137,10.121107793937792
900.0,7.0,3.0,3278.9734037712137,14.487440469294421
900.0,7.0,4.0,3278.9734037712137,18.54834621031378
900.0,7.0,5.0,3278.9734037712137,22.37727024875837
900.0,7.0,6.0,3278.9734037712137,26.019622267974025
900.0,8.0,2.0,3278.9734037712137,12.836344262409398
900.0,8.0,3.0,3278.9734037712137,18.22579200742654
900.0,8.0,4.0,3278.9734037712137,23.20963103209797
900.0,8.0,5.0,3278.9734037712137,27.88799492877928
900.0,8.0,6.0,3278.9734037712137,32.323587824208374
900.0,9.0,2.0,3278.9734037712137,15.758665113395992
900.0,9.0,3.0,3278.9734037712137,22.223630901403062
900.0,9.0,4.0,3278.9734037712137,28.171172249256355
900.0,9.0,5.0,3278.9734037712137,33.733516031591755
900.0,9.0,6.0,3278.9734037712137,38.991915619186315
900.0,10.0,2.0,3278.9734037712137,18.867229848023516
900.0,10.0,3.0,3278.9734037712137,26.45342899252906
900.0,10.0,4.0,3278.9734037712137,33.398873892701
900.0,10.0,5.0,3278.9734037712137,39.87336080079039
900.0,10.0,6.0,3278.9734037712137,45.977334084640646
1000.0,2.0,2.0,3410.6224170913833,0.6361540960298289
1000.0,2.0,3.0,3410.6224170913833,1.11342203704966
1000.0,2.0,4.0,3410.6224170913833,1.5788945803261565
1000.0,2.0,5.0,3410.6224170913833,2.0330447910580673
1000.0,2.0,6.0,3410.6224170913833,2.4784694100174796
1000.0,3.0,2.0,3410.6224170913833,1.8065483288325634
1000.0,3.0,3.0,3410.6224170913833,2.80643811581382
1000.0,3.0,4.0,3410.6224170913833,3.7676158808870013
1000.0,3.0,5.0,3410.6224170913833,4.697379074015552
1000.0,3.0,6.0,3410.6224170913833,5.6002326133291005
1000.0,4.0,2.0,3410.6224170913833,3.3449182326625646
1000.0,4.0,3.0,3410.6224170913833,5.00086852509487
1000.0,4.0,4.0,3410.6224170913833,6.576692166017609
1000.0,4.0,5.0,3410.6224170913833,8.08824653292796
1000.0,4.0,6.0,3410.6224170913833,9.546616141187242
1000.0,5.0,2.0,3410.6224170913833,5.201567905119933
1000.0,5.0,3.0,3410.6224170913833,7.621340646690697
1000.0,5.0,4.0,3410.6224170913833,9.903650331079561
1000.0,5.0,5.0,3410.6224170913833,12.078342902162053
1000.0,5.0,6.0,3410.6224170913833,14.16507314028798
1000.0,6.0,2.0,3410.6224170913833,7.338634660736726
1000.0,6.0,3.0,3410.6224170913833,10.609763701278327
1000.0,6.0,4.0,3410.6224170913833,13.670747207314806
1000.0,6.0,5.0,3410.6224170913833,16.57157763619791
1000.0,6.0,6.0,3410.6224170913833,19.341698740018046
1000.0,7.0,2.0,3410.6224170913833,9.724181108120378
1000.0,7.0,3.0,3410.6224170913833,13.917411143131686
1000.0,7.0,4.0,3410.6224170913833,17.817107745119312
1000.0,7.0,5.0,3410.6224170913833,21.492459782389314
1000.0,7.0,6.0,3410.6224170913833,24.98943651613799
1000.0,8.0,2.0,3410.6224170913833,12.331410299503775
1000.0,8.0,3.0,3410.6224170913833,17.507048425896542
1000.0,8.0,4.0,3410.6224170913833,22.291706063466535
1000.0,8.0,5.0,3410.6224170913833,26.782440800172164
1000.0,8.0,6.0,3410.6224170913833,31.040941207938335
1000.0,9.0,2.0,3410.6224170913833,15.137903606682105
1000.0,9.0,3.0,3410.6224170913833,21.345511129012692
1000.0,9.0,4.0,3410.6224170913833,27.05440924142742
1000.0,9.0,5.0,3410.6224170913833,32.39380637138528
1000.0,9.0,6.0,3410.6224170913833,37.44054432097555
1000.0,10.0,2.0,3410.6224170913833,18.123555230696486
1000.0,10.0,3.0,3410.6224170913833,25.405464314405844
1000.0,10.0,4.0,3410.6224170913833,32.073126932266916
1000.0,10.0,5.0,3410.6224170913833,38.286956602476174
1000.0,10.0,6.0,3410.6224170913833,44.14564207251293
1100.0,2.0,2.0,3542.271430411553,0.6134929411238089
1100.0,2.0,3.0,3542.271430411553,1.073065491597942
1100.0,2.0,4.0,3542.271430411553,1.5203600281535143
1100.0,2.0,5.0,3542.271430411553,1.9583143636649814
1100.0,2.0,6.0,3542.271430411553,2.386510213562411
1100.0,3.0,2.0,3542.271430411553,1.7398050515843184
1100.0,3.0,3.0,3542.271430411553,2.7024993049047152
1100.0,3.0,4.0,3542.271430411553,3.6279724818588726
1100.0,3.0,5.0,3542.271430411553,4.522182237338874
1100.0,3.0,6.0,3542.271430411553,5.391869680526173
1100.0,4.0,2.0,3542.271430411553,3.2201492548502304
1100.0,4.0,3.0,3542.271430411553,4.814247715202806
1100.0,4.0,4.0,3542.271430411553,6.330850559002956
1100.0,4.0,5.0,3542.271430411553,7.786135687415253
1100.0,4.0,6.0,3542.271430411553,9.189791902715456
1100.0,5.0,2.0,3542.271430411553,5.007295605147562
1100.0,5.0,3.0,3542.271430411553,7.336940349349974
1100.0,5.0,4.0,3542.271430411553,9.533387565993268
1100.0,5.0,5.0,3542.271430411553,11.626377933561805
1100.0,5.0,6.0,3542.271430411553,13.634509055323674
1100.0,6.0,2.0,3542.271430411553,7.0649470931650695
1100.0,6.0,3.0,3542.271430411553,10.213034520942557
1100.0,6.0,4.0,3542.271430411553,13.159221235326065
1100.0,6.0,5.0,3542.271430411553,15.950255181736349
1100.0,6.0,6.0,3542.271430411553,18.616138430391768
1100.0,7.0,2.0,3542.271430411553,9.361346334623914
1100.0,7.0,3.0,3542.271430411553,13.396339242197683
1100.0,7.0,4.0,3542.271430411553,17.148945968332658
1100.0,7.0,5.0,3542.271430411553,20.686188219930514
1100.0,7.0,6.0,3542.271430411553,24.051242474319714
1100.0,8.0,2.0,3542.271430411553,11.870657527491979
1100.0,8.0,3.0,3542.271430411553,16.850984100914378
1100.0,8.0,4.0,3542.271430411553,21.45470750316865
1100.0,8.0,5.0,3542.271430411553,25.777053597209402
1100.0,8.0,6.0,3542.271430411553,29.87426279813072
1100.0,9.0,2.0,3542.271430411553,14.570263158462613
1100.0,9.0,3.0,3542.271430411553,20.54492830208822
1100.0,9.0,4.0,3542.271430411553,26.038492277721762
1100.0,9.0,5.0,3542.271430411553,31.176141817224572
1100.0,9.0,6.0,3542.271430411553,36.032586741851205
1100.0,10.0,2.0,3542.271430411553,17.44378438627058
1100.0,10.0,3.0,3542.271430411553,24.451789300233653
1100.0,10.0,4.0,3542.271430411553,30.867223041042973
1100.0,10.0,5.0,3542.271430411553,36.847151097890446
1100.0,10.0,6.0,3542.271430411553,42.483969967226834
1200.0,2.0,2.0,3673.920443731722,0.5907857043541208
1200.0,2.0,3.0,3673.920443731722,1.0344836581823738
1200.0,2.0,4.0,3673.920443731722,1.465871958930984
1200.0,2.0,5.0,3673.920443731722,1.8876859833916375
1200.0,2.0,6.0,3673.920443731722,2.3012275009922094
1200.0,3.0,2.0,3673.920443731722,1.6774508899106886
1200.0,3.0,3.0,3673.920443731722,2.60590054211839
1200.0,3.0,4.0,3673.920443731722,3.4977048456706723
1200.0,3.0,5.0,3673.920443731722,4.360376099832431
1200.0,3.0,6.0,3673.920443731722,5.198830300079395
1200.0,4.0,2.0,3673.920443731722,3.104526514396894
1200.0,4.0,3.0,3673.920443731722,4.642279414640872
1200.0,4.0,4.0,3673.920443731722,6.104746352211312
1200.0,4.0,5.0,3673.920443731722,7.50729280904541
1200.0,4.0,6.0,3673.920443731722,8.86098207466422
1200.0,5.0,2.0,3673.920443731722,4.828023670704329
1200.0,5.0,3.0,3673.920443731722,7.074323832447415
1200.0,5.0,4.0,3673.920443731722,9.192152470774205
1200.0,5.0,5.0,3673.920443731722,11.210328291101256
1200.0,5.0,6.0,3673.920443731722,13.147065503031719
1200.0,6.0,2.0,3673.920443731722,6.812073441999288
1200.0,6.0,3.0,3673.920443731722,9.847350277627843
1200.0,6.0,4.0,3673.920443731722,12.688325019506163
1200.0,6.0,5.0,3673.920443731722,15.379975965626777
1200.0,6.0,6.0,3673.920443731722,17.950864789696553
1200.0,7.0,2.0,3673.920443731722,9.02601148461747
1200.0,7.0,3.0,3673.920443731722,12.917560951963777
1200.0,7.0,4.0,3673.920443731722,16.535850792302483
1200.0,7.0,5.0,3673.920443731722,19.94705484386671
1200.0,7.0,6.0,3673.920443731722,23.192302184234695
1200.0,8.0,2.0,3673.920443731722,11.445921005042754
1200.0,8.0,3.0,3673.920443731722,16.24867404299387
1200.0,8.0,4.0,3673.920443731722,20.68844905528535
1200.0,8.0,5.0,3673.920443731722,24.856304988540497
1200.0,8.0,6.0,3673.920443731722,28.807954643414664
1200.0,9.0,2.0,3673.920443731722,14.049906715405575
1200.0,9.0,3.0,3673.920443731722,19.810506509913058
1200.0,9.0,4.0,3673.920443731722,25.10867280679
1200.0,9.0,5.0,3673.920443731722,30.063176318125542
1200.0,9.0,6.0,3673.920443731722,34.746336784170325
1200.0,10.0,2.0,3673.920443731722,16.820163334038277
1200.0,10.0,3.0,3673.920443731722,23.578341789234347
1200.0,10.0,4.0,3673.920443731722,29.76520295591104
1200.0,10.0,5.0,3673.920443731722,35.53194076105705
1200.0,10.0,6.0,3673.920443731722,40.96834524162821
1300.0,2.0,2.0,3805.569457051892,0.5699248155616252
1300.0,2.0,3.0,3805.569457051892,0.9979833415896312
1300.0,2.0,4.0,3805.569457051892,1.4145929873079128
1300.0,2.0,5.0,3805.569457051892,1.8219769911887378
1300.0,2.0,6.0,3805.569457051892,2.2212500139558014
1300.0,3.0,2.0,3805.569457051892,1.6188428864681146
1300.0,3.0,3.0,3805.569457051892,2.5153611853048004
1300.0,3.0,4.0,3805.569457051892,3.3764224434131433
1300.0,3.0,5.0,3805.569457051892,4.209618984065319
1300.0,3.0,6.0,3805.569457051892,5.019464899269272
1300.0,4.0,2.0,3805.569457051892,2.99670549702065
1300.0,4.0,3.0,3805.569457051892,4.48183359773891
1300.0,4.0,4.0,3805.569457051892,5.894501345747744
1300.0,4.0,5.0,3805.569457051892,7.249691607264447
1300.0,4.0,6.0,3805.569457051892,8.557229435143594
1300.0,5.0,2.0,3805.569457051892,4.661546608799003
1300.0,5.0,3.0,3805.569457051892,6.83077835985058
1300.0,5.0,4.0,3805.569457051892,8.87662042809151
1300.0,5.0,5.0,3805.569457051892,10.82620991147793
1300.0,5.0,6.0,3805.569457051892,12.697494559074103
1300.0,6.0,2.0,3805.569457051892,6.577807887244596
1300.0,6.0,3.0,3805.569457051892,9.510211573016061
1300.0,6.0,4.0,3805.569457051892,12.254306880651795
1300.0,6.0,5.0,3805.569457051892,14.854501886736678
1300.0,6.0,6.0,3805.569457051892,17.338590150662814
1300.0,7.0,2.0,3805.569457051892,8.715841150807094
1300.0,7.0,3.0,3805.569457051892,12.47610102720548
1300.0,7.0,4.0,3805.569457051892,15.97125280375469
1300.0,7.0,5.0,3805.569457051892,19.266937532251223
1300.0,7.0,6.0,3805.569457051892,22.40239394997571
1300.0,8.0,2.0,3805.569457051892,11.053567507095295
1300.0,8.0,3.0,3805.569457051892,15.693319102834218
1300.0,8.0,4.0,3805.569457051892,19.983340139196848
1300.0,8.0,5.0,3805.569457051892,24.00996223610991
1300.0,8.0,6.0,3805.569457051892,27.827426551939816
1300.0,9.0,2.0,3805.569457051892,13.569751775734224
1300.0,9.0,3.0,3805.569457051892,19.13512347593987
1300.0,9.0,4.0,3805.569457051892,24.253579696517964
1300.0,9.0,5.0,3805.569457051892,29.041050864361107
1300.0,9.0,6.0,3805.569457051892,33.566117178787195
1300.0,10.0,2.0,3805.569457051892,16.246168658604688
1300.0,10.0,3.0,3805.569457051892,22.775084166700708
1300.0,10.0,4.0,3805.569457051892,28.75304424774128
1300.0,10.0,5.0,3805.569457051892,34.32493361186777
1300.0,10.0,6.0,3805.569457051892,39.57765877573772
1400.0,2.0,2.0,3937.218470372062,0.5489275664896637
1400.0,2.0,3.0,3937.218470372062,0.9632666664955952
1400.0,2.0,4.0,3937.218470372062,1.365942426155723
1400.0,2.0,5.0,3937.218470372062,1.760363316438461
1400.0,2.0,6.0,3937.218470372062,2.146115061937546
1400.0,3.0,2.0,3937.218470372062,1.563617451938516
1400.0,3.0,3.0,3937.218470372062,2.4307804737351093
1400.0,3.0,4.0,3937.218470372062,3.26343376513881
1400.0,3.0,5.0,3937.218470372062,4.069352071669265
1400.0,3.0,6.0,3937.218470372062,4.8526929974506805
1400.0,4.0,2.0,3937.218470372062,2.8967569563071773
1400.0,4.0,3.0,3937.218470372062,4.332798488202037
1400.0,4.0,4.0,3937.218470372062,5.699045981545024
1400.0,4.0,5.0,3937.218470372062,7.0095081747210815
1400.0,4.0,6.0,3937.218470372062,8.274714177679307
1400.0,5.0,2.0,3937.218470372062,4.506195561930724
1400.0,5.0,3.0,3937.218470372062,6.605155108857596
1400.0,5.0,4.0,3937.218470372062,8.584407568972814
1400.0,5.0,5.0,3937.218470372062,10.470538877784424
1400.0,5.0,6.0,3937.218470372062,12.280697494862823
1400.0,6.0,2.0,3937.218470372062,6.359644965351781
1400.0,6.0,3.0,3937.218470372062,9.196774140334645
1400.0,6.0,4.0,3937.218470372062,11.851812687489721
1400.0,6.0,5.0,3937.218470372062,14.367861941558948
1400.0,6.0,6.0,3937.218470372062,16.771499578957382
1400.0,7.0,2.0,3937.218470372062,8.428397615967407
1400.0,7.0,3.0,3937.218470372062,12.065778359458946
1400.0,7.0,4.0,3937.218470372062,15.44881346146588
1400.0,7.0,5.0,3937.218470372062,18.637815956764275
1400.0,7.0,6.0,3937.218470372062,21.671910618486407
1400.0,8.0,2.0,3937.218470372062,10.690097120279574
1400.0,8.0,3.0,3937.218470372062,15.179779821269927
1400.0,8.0,4.0,3937.218470372062,19.3304677055723
1400.0,8.0,5.0,3937.218470372062,23.22777732882831
1400.0,8.0,6.0,3937.218470372062,26.922847073852743
1400.0,9.0,2.0,3937.218470372062,13.124153029301151
1400.0,9.0,3.0,3937.218470372062,18.50954791931468
1400.0,9.0,4.0,3937.218470372062,23.463721443697796
1400.0,9.0,5.0,3937.218470372062,28.097104960218996
1400.0,9.0,6.0,3937.218470372062,32.47696269123119
1400.0,10.0,2.0,3937.218470372062,15.7138710908817
1400.0,10.0,3.0,3937.218470372062,22.032707779554524
1400.0,10.0,4.0,3937.218470372062,27.818368798518865
1400.0,10.0,5.0,3937.218470372062,33.21155076583089
1400.0,10.0,6.0,3937.218470372062,38.295769993752515
1500.0,2.0,2.0,4068.8674836922314,0.5300532439884702
1500.0,2.0,3.0,4068.8674836922314,0.9302160279907061
1500.0,2.0,4.0,4068.8674836922314,1.3202680562562805
1500.0,2.0,5.0,4068.8674836922314,1.7022472288418398
1500.0,2.0,6.0,4068.8674836922314,2.0756144092707034
1500.0,3.0,2.0,4068.8674836922314,1.5116226584511832
1500.0,3.0,3.0,4068.8674836922314,2.3506685089571118
1500.0,3.0,4.0,4068.8674836922314,3.1576566504311225
1500.0,3.0,5.0,4068.8674836922314,3.9387652721489053
1500.0,3.0,6.0,4068.8674836922314,4.696706279968378
1500.0,4.0,2.0,4068.8674836922314,2.8030191874343124
1500.0,4.0,3.0,4068.8674836922314,4.192966275046585
1500.0,4.0,4.0,4068.8674836922314,5.516386755437706
1500.0,4.0,5.0,4068.8674836922314,6.786754007715235
1500.0,4.0,6.0,4068.8674836922314,8.012095202994516
1500.0,5.0,2.0,4068.8674836922314,4.361741505111093
1500.0,5.0,3.0,4068.8674836922314,6.3943989774503365
1500.0,5.0,4.0,4068.8674836922314,8.311692769880937
1500.0,5.0,5.0,4068.8674836922314,10.139410252568405
1500.0,5.0,6.0,4068.8674836922314,11.893199335942562
1500.0,6.0,2.0,4068.8674836922314,6.156648838810389
1500.0,6.0,3.0,4068.8674836922314,8.90549271482331
1500.0,6.0,4.0,4068.8674836922314,11.477936806453899
1500.0,6.0,5.0,4068.8674836922314,13.915940370313347
1500.0,6.0,6.0,4068.8674836922314,16.244941106155757
1500.0,7.0,2.0,4068.8674836922314,8.16092935091921
1500.0,7.0,3.0,4068.8674836922314,11.685608875093273
1500.0,7.0,4.0,4068.8674836922314,14.962783668086763
1500.0,7.0,5.0,4068.8674836922314,18.053894393055437
1500.0,7.0,6.0,4068.8674836922314,20.994855829828534
1500.0,8.0,2.0,4068.8674836922314,10.351915073344333
1500.0,8.0,3.0,4068.8674836922314,14.702501294535416
1500.0,8.0,4.0,4068.8674836922314,18.72541086607987
1500.0,8.0,5.0,4068.8674836922314,22.50274999505909
1500.0,8.0,6.0,4068.8674836922314,26.08432572476718
1500.0,9.0,2.0,4068.8674836922314,12.710604273217207
1500.0,9.0,3.0,4068.8674836922314,17.930249571481884
1500.0,9.0,4.0,4068.8674836922314,22.731587542425043
1500.0,9.0,5.0,4068.8674836922314,27.222373800783046
1500.0,9.0,6.0,4068.8674836922314,31.46849055739843
1500.0,10.0,2.0,4068.8674836922314,15.220792481483478
1500.0,10.0,3.0,4068.8674836922314,21.344631862268983
1500.0,10.0,4.0,4068.8674836922314,26.952643872095766
1500.0,10.0,5.0,4068.8674836922314,32.180103055655835
1500.0,10.0,6.0,4068.8674836922314,37.10990869493335
1600.0,2.0,2.0,4200.5164970124015,0.5105714600726965
1600.0,2.0,3.0,4200.5164970124015,0.898858793806955
1600.0,2.0,4.0,4200.5164970124015,1.277359885441635
1600.0,2.0,5.0,4200.5164970124015,1.6472171356674092
1600.0,2.0,6.0,4200.5164970124015,2.0097537792198437
1600.0,3.0,2.0,4200.5164970124015,1.462889507833956
1600.0,3.0,3.0,4200.5164970124015,2.276258929180755
1600.0,3.0,4.0,4200.5164970124015,3.059009855690692
1600.0,3.0,5.0,4200.5164970124015,3.8160684292920064
1600.0,3.0,6.0,4200.5164970124015,4.551239135716993
1600.0,4.0,2.0,4200.5164970124015,2.71406728447639
1600.0,4.0,3.0,4200.5164970124015,4.0629753360170495
1600.0,4.0,4.0,4200.5164970124015,5.346384989658227
1600.0,4.0,5.0,4200.5164970124015,6.578058239815387
1600.0,4.0,6.0,4200.5164970124015,7.766837327952053
1600.0,5.0,2.0,4200.5164970124015,4.2262614745741605
1600.0,5.0,3.0,4200.5164970124015,6.197578473487437
1600.0,5.0,4.0,4200.5164970124015,8.057419490633436
1600.0,5.0,5.0,4200.5164970124015,9.830286618012831
1600.0,5.0,6.0,4200.5164970124015,11.531756493680062
1600.0,6.0,2.0,4200.5164970124015,5.967341967998617
1600.0,6.0,3.0,4200.5164970124015,8.632934131653869
1600.0,6.0,4.0,4200.5164970124015,11.129110183503641
1600.0,6.0,5.0,4200.5164970124015,13.494922728966559
1600.0,6.0,6.0,4200.5164970124015,15.754802003651498
1600.0,7.0,2.0,4200.5164970124015,7.911298568395742
1600.0,7.0,3.0,4200.5164970124015,11.330398714216042
1600.0,7.0,4.0,4200.5164970124015,14.510590771267946
1600.0,7.0,5.0,4200.5164970124015,17.50995639298721
1600.0,7.0,6.0,4200.5164970124015,20.36431082873117
1600.0,8.0,2.0,4200.5164970124015,10.037153409230054
1600.0,8.0,3.0,4200.5164970124015,14.25778702188841
1600.0,8.0,4.0,4200.5164970124015,18.16217016229495
1600.0,8.0,5.0,4200.5164970124015,21.828158544950256
1600.0,8.0,6.0,4200.5164970124015,25.304383350543695
1600.0,9.0,2.0,4200.5164970124015,12.325426560760224
1600.0,9.0,3.0,4200.5164970124015,17.38994290341597
1600.0,9.0,4.0,4200.5164970124015,22.04981909601474
1600.0,9.0,5.0,4200.5164970124015,26.409167649614496
1600.0,9.0,6.0,4200.5164970124015,30.530771457463608
1600.0,10.0,2.0,4200.5164970124015,14.760339313397312
1600.0,10.0,3.0,4200.5164970124015,20.7032215297673
1600.0,10.0,4.0,4200.5164970124015,26.147040893259298
1600.0,10.0,5.0,4200.5164970124015,31.222469291923748
1600.0,10.0,6.0,4200.5164970124015,36.008174465402114
1700.0,2.0,2.0,4332.16551033257,0.4929791986167406
1700.0,2.0,3.0,4332.16551033257,0.8693407832096401
1700.0,2.0,4.0,4332.16551033257,1.2371473464093439
1700.0,2.0,5.0,4332.16551033257,1.5956619112949753
1700.0,2.0,6.0,4332.16551033257,1.9469207341521724
1700.0,3.0,2.0,4332.16551033257,1.416562168164605
1700.0,3.0,3.0,4332.16551033257,2.206465508910057
1700.0,3.0,4.0,4332.16551033257,2.9654453723382277
1700.0,3.0,5.0,4332.16551033257,3.700368532482913
1700.0,3.0,6.0,4332.16551033257,4.414545286441859
1700.0,4.0,2.0,4332.16551033257,2.6307352768713392
1700.0,4.0,3.0,4332.16551033257,3.940378521785271
1700.0,4.0,4.0,4332.16551033257,5.186344007970304
1700.0,4.0,5.0,4332.16551033257,6.382383305322892
1700.0,4.0,6.0,4332.16551033257,7.536850282018351
1700.0,5.0,2.0,4332.16551033257,4.099125383856818
1700.0,5.0,3.0,4332.16551033257,6.013310088316172
1700.0,5.0,4.0,4332.16551033257,7.819556440745161
1700.0,5.0,5.0,4332.16551033257,9.541194636868543
1700.0,5.0,6.0,4332.16551033257,11.194389724522416
1700.0,6.0,2.0,4332.16551033257,5.789553183120855
1700.0,6.0,3.0,4332.16551033257,8.377850124598874
1700.0,6.0,4.0,4332.16551033257,10.802418580412105
1700.0,6.0,5.0,4332.16551033257,13.101127976399383
1700.0,6.0,6.0,4332.16551033257,15.296679105842793
1700.0,7.0,2.0,4332.16551033257,7.677807436733123
1700.0,7.0,3.0,4332.16551033257,10.998113306191518
1700.0,7.0,4.0,4332.16551033257,14.087605886878938
1700.0,7.0,5.0,4332.16551033257,17.00179095448424
1700.0,7.0,6.0,4332.16551033257,19.775704857254265
1700.0,8.0,2.0,4332.16551033257,9.741464457778257
1700.0,8.0,3.0,4332.16551033257,13.842765875572344
1700.0,8.0,4.0,4332.16551033257,17.63576757527169
1700.0,8.0,5.0,4332.16551033257,21.19786180511712
1700.0,8.0,6.0,4332.16551033257,24.576981258117538
1700.0,9.0,2.0,4332.16551033257,11.964614623840426
1700.0,9.0,3.0,4332.16551033257,16.884799212859654
1700.0,9.0,4.0,4332.16551033257,21.41371896760705
1700.0,9.0,5.0,4332.16551033257,25.650626668400665
1700.0,9.0,6.0,4332.16551033257,29.656792357632515
1700.0,10.0,2.0,4332.16551033257,14.330911399435047
1700.0,10.0,3.0,4332.16551033257,20.105384140862615
1700.0,10.0,4.0,4332.16551033257,25.39566623994656
1700.0,10.0,5.0,4332.16551033257,30.328406008454262
1700.0,10.0,6.0,4332.16551033257,34.98131368793687
1800.0,2.0,2.0,4463.81452365274,0.47574625269810966
1800.0,2.0,3.0,4463.81452365274,0.841912084027181
1800.0,2.0,4.0,4463.81452365274,1.1982012163297482
1800.0,2.0,5.0,4463.81452365274,1.5467957778532195
1800.0,2.0,6.0,4463.81452365274,1.8886230090594343
1800.0,3.0,2.0,4463.81452365274,1.3729273061220435
1800.0,3.0,3.0,4463.81452365274,2.1403455389117525
1800.0,3.0,4.0,4463.81452365274,2.8780095544287727
1800.0,3.0,5.0,4463.81452365274,3.592298725151232
1800.0,3.0,6.0,4463.81452365274,4.2857056005079786
1800.0,4.0,2.0,4463.81452365274,2.5530057362268934
1800.0,4.0,3.0,4463.81452365274,3.8254716396552744
1800.0,4.0,4.0,4463.81452365274,5.036005940081909
1800.0,4.0,5.0,4463.81452365274,6.1990265657134875
1800.0,4.0,6.0,4463.81452365274,7.321025824934904
1800.0,5.0,2.0,4463.81452365274,3.9788944884772257
1800.0,5.0,3.0,4463.81452365274,5.839683545586693
1800.0,5.0,4.0,4463.81452365274,7.595725078411976
1800.0,5.0,5.0,4463.81452365274,9.269968803803197
1800.0,5.0,6.0,4463.81452365274,10.87726600614212
1800.0,6.0,2.0,4463.81452365274,5.622458053687953
1800.0,6.0,3.0,4463.81452365274,8.13941659879654
1800.0,6.0,4.0,4463.81452365274,10.496913828753033
1800.0,6.0,5.0,4463.81452365274,12.73148343430632
1800.0,6.0,6.0,4463.81452365274,14.867486853531613
1800.0,7.0,2.0,4463.81452365274,7.458124668721574
1800.0,7.0,3.0,4463.81452365274,10.686413587092396
1800.0,7.0,4.0,4463.81452365274,13.691316051178255
1800.0,7.0,5.0,4463.81452365274,16.526646820929297
1800.0,7.0,6.0,4463.81452365274,19.22420710417616
1800.0,8.0,2.0,4463.81452365274,9.465056987773405
1800.0,8.0,3.0,4463.81452365274,13.45268376494536
1800.0,8.0,4.0,4463.81452365274,17.142795949235715
1800.0,8.0,5.0,4463.81452365274,20.60804376772476
1800.0,8.0,6.0,4463.81452365274,23.895477373842287
1800.0,9.0,2.0,4463.81452365274,11.626819585399842
1800.0,9.0,3.0,4463.81452365274,16.412701016762316
1800.0,9.0,4.0,4463.81452365274,20.81820039517573
1800.0,9.0,5.0,4463.81452365274,24.940484702638916
1800.0,9.0,6.0,4463.81452365274,28.83919285790604
1800.0,10.0,2.0,4463.81452365274,13.927427795036763
1800.0,10.0,3.0,4463.81452365274,19.545612421378635
1800.0,10.0,4.0,4463.81452365274,24.692379546885235
1800.0,10.0,5.0,4463.81452365274,29.49303155295862
1800.0,10.0,6.0,4463.81452365274,34.02116694050064
1900.0,2.0,2.0,4595.463536972909,0.4594727711967676
1900.0,2.0,3.0,4595.463536972909,0.8152035562941391
1900.0,2.0,4.0,4595.463536972909,1.162115783594157
1900.0,2.0,5.0,4595.463536972909,1.500586739645813
1900.0,2.0,6.0,4595.463536972909,1.832900399348834
1900.0,3.0,2.0,4595.463536972909,1.3323828403599947
1900.0,3.0,3.0,4595.463536972909,2.0779193462346797
1900.0,3.0,4.0,4595.463536972909,2.7949769474705874
1900.0,3.0,5.0,4595.463536972909,3.4900506223485057
1900.0,3.0,6.0,4595.463536972909,4.16460369587495
1900.0,4.0,2.0,4595.463536972909,2.4789234869790198
1900.0,4.0,3.0,4595.463536972909,3.7161947534842596
1900.0,4.0,4.0,4595.463536972909,4.894623870352588
1900.0,4.0,5.0,4595.463536972909,6.0262450281110365
1900.0,4.0,6.0,4595.463536972909,7.117966491641799
1900.0,5.0,2.0,4595.463536972909,3.8664015913584557
1900.0,5.0,3.0,4595.463536972909,5.67671862575369
1900.0,5.0,4.0,4595.463536972909,7.38533177538042
1900.0,5.0,5.0,4595.463536972909,9.014840310898057
1900.0,5.0,6.0,4595.463536972909,10.579390896627569
1900.0,6.0,2.0,4595.463536972909,5.465479978527243
1900.0,6.0,3.0,4595.463536972909,7.914612938343616
1900.0,6.0,4.0,4595.463536972909,10.209157743106113
1900.0,6.0,5.0,4595.463536972909,12.384749776006435
1900.0,6.0,6.0,4595.463536972909,14.464137224313147
1900.0,7.0,2.0,4595.463536972909,7.25124080826076
1900.0,7.0,3.0,4595.463536972909,10.394256651939042
1900.0,7.0,4.0,4595.463536972909,13.319785421596738
1900.0,7.0,5.0,4595.463536972909,16.079821703342617
1900.0,7.0,6.0,4595.463536972909,18.706957163816387
1900.0,8.0,2.0,4595.463536972909,9.204442781229693
1900.0,8.0,3.0,4595.463536972909,13.086706357092138
1900.0,8.0,4.0,4595.463536972909,16.679780001462525
1900.0,8.0,5.0,4595.463536972909,20.055029769542
1900.0,8.0,6.0,4595.463536972909,23.256529202782087
1900.0,9.0,2.0,4595.463536972909,11.3090775863346
1900.0,9.0,3.0,4595.463536972909,15.968749785925878
1900.0,9.0,4.0,4595.463536972909,20.258956648015012
1900.0,9.0,5.0,4595.463536972909,24.274748559010057
1900.0,9.0,6.0,4595.463536972909,28.072329687078096
1900.0,10.0,2.0,4595.463536972909,13.549530504602064
1900.0,10.0,3.0,4595.463536972909,19.01916994049888
1900.0,10.0,4.0,4595.463536972909,24.03275925380664
1900.0,10.0,5.0,4595.463536972909,28.709378031755527
1900.0,10.0,6.0,4595.463536972909,33.12093189935675
2000.0,2.0,2.0,4727.112550293079,0.4437779691888144
2000.0,2.0,3.0,4727.112550293079,0.7904612828768929
2000.0,2.0,4.0,4727.112550293079,1.1276287300227126
2000.0,2.0,5.0,4727.112550293079,1.457095021033359
2000.0,2.0,6.0,4727.112550293079,1.7802796403860763
2000.0,3.0,2.0,4727.112550293079,1.2922753000467702
2000.0,3.0,3.0,4727.112550293079,2.0184578302448286
2000.0,3.0,4.0,4727.112550293079,2.716951859318138
2000.0,3.0,5.0,4727.112550293079,3.393263843429965
2000.0,3.0,6.0,4727.112550293079,4.050699746581666
2000.0,4.0,2.0,4727.112550293079,2.40976915574989
2000.0,4.0,3.0,4727.112550293079,3.6140407618979338
2000.0,4.0,4.0,4727.112550293079,4.761649685023837
2000.0,4.0,5.0,4727.112550293079,5.863172707591856
2000.0,4.0,6.0,4727.112550293079,6.927135315212766
2000.0,5.0,2.0,4727.112550293079,3.7595220073501756
2000.0,5.0,3.0,4727.112550293079,5.522969837438963
2000.0,5.0,4.0,4727.112550293079,7.18732633379383
2000.0,5.0,5.0,4727.112550293079,8.77434496189656
2000.0,5.0,6.0,4727.112550293079,10.298936822414229
2000.0,6.0,2.0,4727.112550293079,5.316154995259676
2000.0,6.0,3.0,4727.112550293079,7.702379832129569
2000.0,6.0,4.0,4727.112550293079,9.938277669362918
2000.0,6.0,5.0,4727.112550293079,12.058151181794836
2000.0,6.0,6.0,4727.112550293079,14.084638766293024
2000.0,7.0,2.0,4727.112550293079,7.056443017465092
2000.0,7.0,3.0,4727.112550293079,10.118387809296538
2000.0,7.0,4.0,4727.112550293079,12.96928822193191
2000.0,7.0,5.0,4727.112550293079,15.659098745053251
2000.0,7.0,6.0,4727.112550293079,18.220520050990434
2000.0,8.0,2.0,4727.112550293079,8.95953257546824
2000.0,8.0,3.0,4727.112550293079,12.74276503130682
2000.0,8.0,4.0,4727.112550293079,16.243820909784702
2000.0,8.0,5.0,4727.112550293079,19.53386055526012
2000.0,8.0,6.0,4727.112550293079,22.65581599281468
2000.0,9.0,2.0,4727.112550293079,11.009851686829018
2000.0,9.0,3.0,4727.112550293079,15.551155219361435
2000.0,9.0,4.0,4727.112550293079,19.73312203469393
2000.0,9.0,5.0,4727.112550293079,23.648284371692146
2000.0,9.0,6.0,4727.112550293079,27.35151847622313
2000.0,10.0,2.0,4727.112550293079,13.193168800160285
2000.0,10.0,3.0,4727.112550293079,18.524509893372517
2000.0,10.0,4.0,4727.112550293079,23.412454230788487
2000.0,10.0,5.0,4727.112550293079,27.972744884451856
2000.0,10.0,6.0,4727.112550293079,32.27491668945253
2100.0,2.0,2.0,4858.761563613249,0.42937782258129037
2100.0,2.0,3.0,4858.761563613249,0.7664295116533847
2100.0,2.0,4.0,4858.761563613249,1.0942660180678896
2100.0,2.0,5.0,4858.761563613249,1.4157922675152197
2100.0,2.0,6.0,4858.761563613249,1.730778416749702
2100.0,3.0,2.0,4858.761563613249,1.2552392233674
2100.0,3.0,3.0,4858.761563613249,1.9630434283492721
2100.0,3.0,4.0,4858.761563613249,2.643171684836905
2100.0,3.0,5.0,4858.761563613249,3.301712264070752
2100.0,3.0,6.0,4858.761563613249,3.942376368743287
2100.0,4.0,2.0,4858.761563613249,2.3437879451132098
2100.0,4.0,3.0,4858.761563613249,3.517233821176737
2100.0,4.0,4.0,4858.761563613249,4.63519529843651
2100.0,4.0,5.0,4858.761563613249,5.709134873936053
2100.0,4.0,6.0,4858.761563613249,6.746410519279107
2100.0,5.0,2.0,4858.761563613249,3.659394101593169
2100.0,5.0,3.0,4858.761563613249,5.377156816078192
2100.0,5.0,4.0,4858.761563613249,7.0001373051952065
2100.0,5.0,5.0,4858.761563613249,8.547961685782361
2100.0,5.0,6.0,4858.761563613249,10.03438792072997
2100.0,6.0,2.0,4858.761563613249,5.17640078011641
2100.0,6.0,3.0,4858.761563613249,7.501900597486093
2100.0,6.0,4.0,4858.761563613249,9.682197622515083
2100.0,6.0,5.0,4858.761563613249,11.74991109819513
2100.0,6.0,6.0,4858.761563613249,13.726811718563004
2100.0,7.0,2.0,4858.761563613249,6.8721710118541335
2100.0,7.0,3.0,4858.761563613249,9.858433954689323
2100.0,7.0,4.0,4858.761563613249,12.63798070580333
2100.0,7.0,5.0,4858.761563613249,15.26208627839197
2100.0,7.0,6.0,4858.761563613249,17.76138731583503
2100.0,8.0,2.0,4858.761563613249,8.728452338304667
2100.0,8.0,3.0,4858.761563613249,12.417454682004132
2100.0,8.0,4.0,4858.761563613249,15.833242110262818
2100.0,8.0,5.0,4858.761563613249,19.04278315944642
2100.0,8.0,6.0,4858.761563613249,22.089047366680997
2100.0,9.0,2.0,4858.761563613249,10.726891342423277
2100.0,9.0,3.0,4858.761563613249,15.156870465455503
2100.0,9.0,4.0,4858.761563613249,19.237663273824122
2100.0,9.0,5.0,4858.761563613249,23.057949219264554
2100.0,9.0,6.0,4858.761563613249,26.671639828018908
2100.0,10.0,2.0,4858.761563613249,12.856749778461618
2100.0,10.0,3.0,4858.761563613249,18.058068023370442
2100.0,10.0,4.0,4858.761563613249,22.827778662483386
2100.0,10.0,5.0,4858.761563613249,27.277900167281746
2100.0,10.0,6.0,4858.761563613249,31.47774359195717
2200.0,2.0,2.0,4990.410576933418,0.41492505304665595
2200.0,2.0,3.0,4990.410576933418,0.7436083256341562
2200.0,2.0,4.0,4990.410576933418,1.0631027026623021
2200.0,2.0,5.0,4990.410576933418,1.3762060380097454
2200.0,2.0,6.0,4990.410576933418,1.6832653600143135
2200.0,3.0,2.0,4990.410576933418,1.2208492289988269
2200.0,3.0,3.0,4990.410576933418,1.9093920321613171
2200.0,3.0,4.0,4990.410576933418,2.572957098583448
2200.0,3.0,5.0,4990.410576933418,3.2152781621364457
2200.0,3.0,6.0,4990.410576933418,3.8399538023248834
2200.0,4.0,2.0,4990.410576933418,2.280345110771357
2200.0,4.0,3.0,4990.410576933418,3.4249452360982278
2200.0,4.0,4.0,4990.410576933418,4.515743949226165
2200.0,4.0,5.0,4990.410576933418,5.56362531778636
2200.0,4.0,6.0,4990.410576933418,6.575043003637471
2200.0,5.0,2.0,4990.410576933418,3.564120603470701
2200.0,5.0,3.0,4990.410576933418,5.239874078439825
2200.0,5.0,4.0,4990.410576933418,6.822369290227459
2200.0,5.0,5.0,4990.410576933418,8.333393893626788
2200.0,5.0,6.0,4990.410576933418,9.78388292736711
2200.0,6.0,2.0,4990.410576933418,5.044066875309456
2200.0,6.0,3.0,4990.410576933418,7.312585577809424
2200.0,6.0,4.0,4990.410576933418,9.439859547567647
2200.0,6.0,5.0,4990.410576933418,11.458560943517519
2200.0,6.0,6.0,4990.410576933418,13.388202464090234
2200.0,7.0,2.0,4990.410576933418,6.698121769644659
2200.0,7.0,3.0,4990.410576933418,9.611694262695435
2200.0,7.0,4.0,4990.410576933418,12.325811538901295
2200.0,7.0,5.0,4990.410576933418,14.887419711080065
2200.0,7.0,6.0,4990.410576933418,17.32707116295042
2200.0,8.0,2.0,4990.410576933418,8.508480089698768
2200.0,8.0,3.0,4990.410576933418,12.109383597261278
2200.0,8.0,4.0,4990.410576933418,15.444516685291507
2200.0,8.0,5.0,4990.410576933418,18.579179588827625
2200.0,8.0,6.0,4990.410576933418,21.554284957850122
2200.0,9.0,2.0,4990.410576933418,10.460329712667194
2200.0,9.0,3.0,4990.410576933418,14.784945803117244
2200.0,9.0,4.0,4990.410576933418,18.768518637090942
2200.0,9.0,5.0,4990.410576933418,22.49983314009701
2200.0,9.0,6.0,4990.410576933418,26.030045660246014
2200.0,10.0,2.0,4990.410576933418,12.539013422786184
2200.0,10.0,3.0,4990.410576933418,17.617577400927246
2200.0,10.0,4.0,4990.410576933418,22.275604441011065
2200.0,10.0,5.0,4990.410576933418,26.622273364954207
2200.0,10.0,6.0,4990.410576933418,30.724795077508062
2300.0,2.0,2.0,5122.059590253588,0.4012102089132521
2300.0,2.0,3.0,5122.059590253588,0.7216812675698109
2300.0,2.0,4.0,5122.059590253588,1.0337800823824046
2300.0,2.0,5.0,5122.059590253588,1.3392611108200065
2300.0,2.0,6.0,5122.059590253588,1.6384961552172965
2300.0,3.0,2.0,5122.059590253588,1.1865898871341658
2300.0,3.0,3.0,5122.059590253588,1.8587233370908993
2300.0,3.0,4.0,5122.059590253588,2.506455935593164
2300.0,3.0,5.0,5122.059590253588,3.1332629332148256
2300.0,3.0,6.0,5122.059590253588,3.743259025160152
2300.0,4.0,2.0,5122.059590253588,2.220997559093538
2300.0,4.0,3.0,5122.059590253588,3.338173800969478
2300.0,4.0,4.0,5122.059590253588,4.402406932411571
2300.0,4.0,5.0,5122.059590253588,5.424923635738026
2300.0,4.0,6.0,5122.059590253588,6.413066880664506
2300.0,5.0,2.0,5122.059590253588,3.4729381034017845
2300.0,5.0,3.0,5122.059590253588,5.109272494981185
2300.0,5.0,4.0,5122.059590253588,6.655049267132151
2300.0,5.0,5.0,5122.059590253588,8.129857244045231
2300.0,5.0,6.0,5122.059590253588,9.546369225477667
2300.0,6.0,2.0,5122.059590253588,4.918195833764459
2300.0,6.0,3.0,5122.059590253588,7.13313168875794
2300.0,6.0,4.0,5122.059590253588,9.211157227626073
2300.0,6.0,5.0,5122.059590253588,11.182206909793578
2300.0,6.0,6.0,5122.059590253588,13.067256782101929
2300.0,7.0,2.0,5122.059590253588,6.5330916580922915
2300.0,7.0,3.0,5122.059590253588,9.378262209859503
2300.0,7.0,4.0,5122.059590253588,12.029276830609213
2300.0,7.0,5.0,5122.059590253588,14.532737261772667
2300.0,7.0,6.0,5122.059590253588,16.916699610089378
2300.0,8.0,2.0,5122.059590253588,8.301324304759346
2300.0,8.0,3.0,5122.059590253588,11.818304814766034
2300.0,8.0,4.0,5122.059590253588,15.076687017334725
2300.0,8.0,5.0,5122.059590253588,18.140165024013545
2300.0,8.0,6.0,5122.059590253588,21.047616266158315
2300.0,9.0,2.0,5122.059590253588,10.207366065769707
2300.0,9.0,3.0,5122.059590253588,14.432160438396778
2300.0,9.0,4.0,5122.059590253588,18.32501600279384
2300.0,9.0,5.0,5122.059590253588,21.971836898061376
2300.0,9.0,6.0,5122.059590253588,25.422811325099342
2300.0,10.0,2.0,5122.059590253588,12.237917113749491
2300.0,10.0,3.0,5122.059590253588,17.200281099428146
2300.0,10.0,4.0,5122.059590253588,21.752521548284992
2300.0,10.0,5.0,5122.059590253588,26.00185675869461
2300.0,10.0,6.0,5122.059590253588,30.0127112859833
2400.0,2.0,2.0,5253.708603573757,0.3880006095812779
2400.0,2.0,3.0,5253.708603573757,0.7003615230859968
2400.0,2.0,4.0,5253.708603573757,1.005213134134056
2400.0,2.0,5.0,5253.708603573757,1.3032369054405957
2400.0,2.0,6.0,5253.708603573757,1.5954398819632565
2400.0,3.0,2.0,5253.708603573757,1.155301494299417
2400.0,3.0,3.0,5253.708603573757,1.811474320311782
2400.0,3.0,4.0,5253.708603573757,2.44312840512402
2400.0,3.0,5.0,5253.708603573757,3.055043716827391
2400.0,3.0,6.0,5253.708603573757,3.6509697440527376
2400.0,4.0,2.0,5253.708603573757,2.1641917661235506
2400.0,4.0,3.0,5253.708603573757,3.2554076174365423
2400.0,4.0,4.0,5253.708603573757,4.295145497854476
2400.0,4.0,5.0,5253.708603573757,5.294125699628152
2400.0,4.0,6.0,5253.708603573757,6.258808653770517
2400.0,5.0,2.0,5253.708603573757,3.387318290603613
2400.0,5.0,3.0,5253.708603573757,4.985317517531604
2400.0,5.0,4.0,5253.708603573757,6.4955859935778255
2400.0,5.0,5.0,5253.708603573757,7.93675475436349
2400.0,5.0,6.0,5253.708603573757,9.321626379482918
2400.0,6.0,2.0,5253.708603573757,4.79790796508816
2400.0,6.0,3.0,5253.708603573757,6.963260240279468
2400.0,6.0,4.0,5253.708603573757,8.993166319018147
2400.0,6.0,5.0,5253.708603573757,10.920528688216349
2400.0,6.0,6.0,5253.708603573757,12.76330127389809
2400.0,7.0,2.0,5253.708603573757,6.375995420319036
2400.0,7.0,3.0,5253.708603573757,9.156699396866326
2400.0,7.0,4.0,5253.708603573757,11.748096182762241
2400.0,7.0,5.0,5253.708603573757,14.195938800582617
2400.0,7.0,6.0,5253.708603573757,16.52664371193742
2400.0,8.0,2.0,5253.708603573757,8.104625803076035
2400.0,8.0,3.0,5253.708603573757,11.542471773816695
2400.0,8.0,4.0,5253.708603573757,14.727593233123478
2400.0,8.0,5.0,5253.708603573757,17.723181659954705
2400.0,8.0,6.0,5253.708603573757,20.56734943699676
2400.0,9.0,2.0,5253.708603573757,9.967513226062216
2400.0,9.0,3.0,5253.708603573757,14.097287435450864
2400.0,9.0,4.0,5253.708603573757,17.904582780500718
2400.0,9.0,5.0,5253.708603573757,21.47160337455512
2400.0,9.0,6.0,5253.708603573757,24.847082192057794
2400.0,10.0,2.0,5253.708603573757,11.951658718044493
2400.0,10.0,3.0,5253.708603573757,16.80373555070423
2400.0,10.0,4.0,5253.708603573757,21.25626563638969
2400.0,10.0,5.0,5253.708603573757,25.413782432484123
2400.0,10.0,6.0,5253.708603573757,29.3374499910487
2500.0,2.0,2.0,5385.357616893927,0.37616434963919526
2500.0,2.0,3.0,5385.357616893927,0.6811529896937132
2500.0,2.0,4.0,5385.357616893927,0.9786242589756855
2500.0,2.0,5.0,5385.357616893927,1.2691482626035053
2500.0,2.0,6.0,5385.357616893927,1.5549616050989954
2500.0,3.0,2.0,5385.357616893927,1.124534108588088
2500.0,3.0,3.0,5385.357616893927,1.7654921969312518
2500.0,3.0,4.0,5385.357616893927,2.382490441617227
2500.0,3.0,5.0,5385.357616893927,2.980737276409249
2500.0,3.0,6.0,5385.357616893927,3.5630715807186903
2500.0,4.0,2.0,5385.357616893927,2.1105489541989164
2500.0,4.0,3.0,5385.357616893927,3.1760521746787385
2500.0,4.0,4.0,5385.357616893927,4.192488563440303
2500.0,4.0,5.0,5385.357616893927,5.169043929211196
2500.0,4.0,6.0,5385.357616893927,6.112563307104221
2500.0,5.0,2.0,5385.357616893927,3.3055913391038074
2500.0,5.0,3.0,5385.357616893927,4.8672240700876745
2500.0,5.0,4.0,5385.357616893927,6.343757523312196
2500.0,5.0,5.0,5385.357616893927,7.752930971233907
2500.0,5.0,6.0,5385.357616893927,9.107102082906245
2500.0,6.0,2.0,5385.357616893927,4.684577336932317
2500.0,6.0,3.0,5385.357616893927,6.801067372273683
2500.0,6.0,4.0,5385.357616893927,8.786129628335175
2500.0,6.0,5.0,5385.357616893927,10.671361317990566
2500.0,6.0,6.0,5385.357616893927,12.474011122137743
2500.0,7.0,2.0,5385.357616893927,6.226944142942575
2500.0,7.0,3.0,5385.357616893927,8.946599091735564
2500.0,7.0,4.0,5385.357616893927,11.48144837136129
2500.0,7.0,5.0,5385.357616893927,13.875831244152756
2500.0,7.0,6.0,5385.357616893927,16.156624192772547
2500.0,8.0,2.0,5385.357616893927,7.917214521027742
2500.0,8.0,3.0,5385.357616893927,11.279440153064776
2500.0,8.0,4.0,5385.357616893927,14.396061266257073
2500.0,8.0,5.0,5385.357616893927,17.327316905966438
2500.0,8.0,6.0,5385.357616893927,20.110901709439453
2500.0,9.0,2.0,5385.357616893927,9.738328963146646
2500.0,9.0,3.0,5385.357616893927,13.779358930223356
2500.0,9.0,4.0,5385.357616893927,17.504934376575573
2500.0,9.0,5.0,5385.357616893927,20.995760656526024
2500.0,9.0,6.0,5385.357616893927,24.30040314977546
2500.0,10.0,2.0,5385.357616893927,11.680776781411513
2500.0,10.0,3.0,5385.357616893927,16.427543581033508
2500.0,10.0,4.0,5385.357616893927,20.785716169042917
2500.0,10.0,5.0,5385.357616893927,24.854934588216445
2500.0,10.0,6.0,5385.357616893927,28.696692803409913
